pagina,visual_name,visual_tipo,query_refs,filtros_visual,posicion
Imagen,786f7fc43e0dfb6ce059,image,,,"x=39.512195121951216,y=0,z=2"
Estrategia ,a1f8de4c2a361681a0d5,card,Min(Sheet1.Instancia),"[{""Condition"": {""Not"": {""Expression"": {""In"": {""Expressions"": [{""Column"": {""Expression"": {""SourceRef"": {""Source"": ""s""}}, ""Property"": ""Instancia""}}], ""Values"": [[{""Literal"": {""Value"": ""'Gestión interna en el DAGRD'""}}]]}}}}}]","x=0,y=85.8100558659218,z=0"
Estrategia ,92fe9c5df05d6f8c8698,textbox,,,"x=0,y=0,z=1000"
Estrategia ,460f4e24d8fefa93a901,advancedSlicerVisual,Sheet1.Fecha en la que se realizó la actividad.Variación.Jerarquía de fechas.Mes,,"x=515.357956506731,y=89.0742147048671,z=3000"
Estrategia ,fb0a9c9294975a576da4,image,,,"x=0,y=0,z=2000"
Estrategia ,5a7bc44725bdd1737a36,actionButton,,,"x=1144.8,y=17.28,z=4000"
Estrategia ,1c760b8701b02110332d,textbox,,,"x=0,y=287.90058681394544,z=5000"
Estrategia ,85dc693f7f3bbf999ce7,advancedSlicerVisual,Sheet1.Comuna - Corregimiento,,"x=0,y=182.92026234035208,z=6000"
Estrategia ,20ab1fd2fb2e65b78e03,card,Min(Base completa para PBI.Personalizado.1),"[{""Condition"": {""Not"": {""Expression"": {""In"": {""Expressions"": [{""Column"": {""Expression"": {""SourceRef"": {""Source"": ""b""}}, ""Property"": ""Comité/Comisión CGRD Comunas""}}], ""Values"": [[{""Literal"": {""Value"": ""''""}}]]}}}}}]","x=12.724887814981013,y=607.6133931653434,z=7000"
Estrategia ,4e8bd7e2f4f024c8b813,card,Min(Sheet1.Instancia),"[{""Condition"": {""In"": {""Expressions"": [{""Column"": {""Expression"": {""SourceRef"": {""Source"": ""s""}}, ""Property"": ""Instancia""}}], ""Values"": [[{""Literal"": {""Value"": ""'Buen Comienzo - Primera Infancia'""}}], [{""Literal"": {""Value"": ""'Educativo'""}}], [{""Literal"": {""Value"": ""'Primera Infancia'""}}]]}}}]","x=389.5652173913043,y=609.319955406912,z=8000"
Estrategia ,72d1ce245dadcf5c2bc8,card,Min(Base completa para PBI.Personalizado.1),"[{""Condition"": {""Not"": {""Expression"": {""In"": {""Expressions"": [{""Column"": {""Expression"": {""SourceRef"": {""Source"": ""b""}}, ""Property"": ""Comité/Comisión CGRD Comunas""}}], ""Values"": [[{""Literal"": {""Value"": ""''""}}]]}}}}}]","x=532.2630992196209,y=609.319955406912,z=9000"
Estrategia ,cdcba76ad51af640569a,card,Min(Sheet1.Instancia),"[{""Condition"": {""In"": {""Expressions"": [{""Column"": {""Expression"": {""SourceRef"": {""Source"": ""s""}}, ""Property"": ""Instancia""}}], ""Values"": [[{""Literal"": {""Value"": ""'Empresarial'""}}]]}}}]","x=706.2312737314463,y=505.8142906454953,z=10000"
Estrategia ,1cab7600e0a11c1ed995,card,Sum(Sheet1.Indique el número de personas participantes),"[{""Condition"": {""In"": {""Expressions"": [{""Column"": {""Expression"": {""SourceRef"": {""Source"": ""s""}}, ""Property"": ""Instancia""}}], ""Values"": [[{""Literal"": {""Value"": ""'Empresarial'""}}]]}}}]","x=843.3020028799581,y=505.4986254745385,z=11000"
Estrategia ,cb0f740824ed95183f16,card,Min(Base completa para PBI.Personalizado.1),"[{""Condition"": {""Not"": {""Expression"": {""In"": {""Expressions"": [{""Column"": {""Expression"": {""SourceRef"": {""Source"": ""b""}}, ""Property"": ""Comité/Comisión CGRD Comunas""}}], ""Values"": [[{""Literal"": {""Value"": ""''""}}]]}}}}}]","x=704.9386845039016,y=605.0501672240806,z=12000"
Estrategia ,384dbe8a8296c18622ec,card,Min(Base completa para PBI.Personalizado.1),"[{""Condition"": {""Not"": {""Expression"": {""In"": {""Expressions"": [{""Column"": {""Expression"": {""SourceRef"": {""Source"": ""b""}}, ""Property"": ""Comité/Comisión CGRD Comunas""}}], ""Values"": [[{""Literal"": {""Value"": ""''""}}]]}}}}}]","x=847.6365663322184,y=605.0501672240806,z=13000"
Estrategia ,ce49300b8d3b48a1ee8a,card,Min(Base completa para PBI.Personalizado.1),"[{""Condition"": {""Not"": {""Expression"": {""In"": {""Expressions"": [{""Column"": {""Expression"": {""SourceRef"": {""Source"": ""b""}}, ""Property"": ""Comité/Comisión CGRD Comunas""}}], ""Values"": [[{""Literal"": {""Value"": ""''""}}]]}}}}}]","x=1016.0089186176142,y=607.8929765886287,z=14000"
Estrategia ,c9555d01d09d9abe54db,card,Min(Base completa para PBI.Personalizado.1),"[{""Condition"": {""Not"": {""Expression"": {""In"": {""Expressions"": [{""Column"": {""Expression"": {""SourceRef"": {""Source"": ""b""}}, ""Property"": ""Comité/Comisión CGRD Comunas""}}], ""Values"": [[{""Literal"": {""Value"": ""''""}}]]}}}}}]","x=1128.7513935340023,y=607.9152731326648,z=15000"
Estrategia ,d942208bcffe6da54201,card,Min(Sheet1.Instancia),"[{""Condition"": {""In"": {""Expressions"": [{""Column"": {""Expression"": {""SourceRef"": {""Source"": ""s""}}, ""Property"": ""Actividad asociada a la instancia Comunitaria""}}], ""Values"": [[{""Literal"": {""Value"": ""'Acompañamiento a la comunidad en ejercicios de simulaciones y simulacros (invitado como observador o evaluador)'""}}], [{""Literal"": {""Value"": ""'Taller - Teórico Práctico Simulacros y Simulaciones'""}}], [{""Literal"": {""Value"": ""'Simulacro'""}}]]}}}]","x=162.24231964100792,y=609.204004142216,z=16000"
Estrategia ,b6caf50105c24e237c88,card,Min(Base completa para PBI.Instancia),"[{""Condition"": {""In"": {""Expressions"": [{""Column"": {""Expression"": {""SourceRef"": {""Source"": ""b""}}, ""Property"": ""Instancia""}}], ""Values"": [[{""Literal"": {""Value"": ""'Educativo'""}}], [{""Literal"": {""Value"": ""'Primera Infancia'""}}]]}}}]","x=148.37988826815644,y=87.5977653631285,z=17000"
Estrategia ,f37cb5f5acb5d1e06e20,slicer,Sheet1.Fecha en la que se realizó la actividad.Variación.Jerarquía de fechas.Año,"[{""Condition"": {""In"": {""Expressions"": [{""Column"": {""Expression"": {""SourceRef"": {""Source"": ""b""}}, ""Property"": ""Instancia""}}], ""Values"": [[{""Literal"": {""Value"": ""'Educativo'""}}], [{""Literal"": {""Value"": ""'Primera Infancia'""}}]]}}}]","x=287.90058681394544,y=87.48360372799446,z=18000"
Estrategia ,3eb4ea7c9718a1f5412c,image,,,"x=30.240000000000002,y=328.32,z=19000"
Estrategia ,90a0638f60a349a6d9f4,image,,,"x=357.54189944134083,y=328.93854748603354,z=21000"
Estrategia ,66613d8ed468747569d8,textbox,,,"x=12.513966480446928,y=334.30167597765364,z=20000"
Estrategia ,498d409a92f5317dea16,image,,,"x=704.3575418994413,y=294.97206703910615,z=22000"
Estrategia ,84a846b5d47beeddc78d,image,,,"x=1016,y=322,z=23000"
Estrategia ,167dad8464d4e530ed45,textbox,,,"x=389.7206703910615,y=334.30167597765364,z=24000"
Estrategia ,c76c4dfdef8cffb63978,textbox,,,"x=1015.4189944134079,y=334.30167597765364,z=25000"
Estrategia ,ba02fe9e719c5a521459,textbox,,,"x=706.1452513966481,y=334.30167597765364,z=26000"
Estrategia ,e1ba82ddd929eea79537,card,Min(Sheet1.Instancia),"[{""Condition"": {""In"": {""Expressions"": [{""Column"": {""Expression"": {""SourceRef"": {""Source"": ""s""}}, ""Property"": ""Instancia""}}], ""Values"": [[{""Literal"": {""Value"": ""'Comunitario'""}}]]}}}]","x=12.724887814981013,y=508.99551259924056,z=29000"
Estrategia ,f10b68a4adc9040b7c7a,card,Sum(Sheet1.Indique el número de personas participantes),"[{""Condition"": {""In"": {""Expressions"": [{""Column"": {""Expression"": {""SourceRef"": {""Source"": ""s""}}, ""Property"": ""Instancia""}}], ""Values"": [[{""Literal"": {""Value"": ""'Comunitario'""}}]]}}}]","x=162.24231964100792,y=510.58612357611315,z=30000"
Estrategia ,2bc2db63c4016709d345,card,Min(Sheet1.Instancia),"[{""Condition"": {""In"": {""Expressions"": [{""Column"": {""Expression"": {""SourceRef"": {""Source"": ""s""}}, ""Property"": ""Instancia""}}], ""Values"": [[{""Literal"": {""Value"": ""'Buen Comienzo - Primera Infancia'""}}], [{""Literal"": {""Value"": ""'Educativo'""}}], [{""Literal"": {""Value"": ""'Primera Infancia'""}}]]}}}]","x=389.6996893337936,y=510.58612357611315,z=31000"
Estrategia ,0c9c9810cccae3452815,card,Sum(Sheet1.Indique el número de personas participantes),"[{""Condition"": {""In"": {""Expressions"": [{""Column"": {""Expression"": {""SourceRef"": {""Source"": ""s""}}, ""Property"": ""Instancia""}}], ""Values"": [[{""Literal"": {""Value"": ""'Buen Comienzo - Primera Infancia'""}}], [{""Literal"": {""Value"": ""'Educativo'""}}], [{""Literal"": {""Value"": ""'Primera Infancia'""}}]]}}}]","x=528.0828443217121,y=510.58612357611315,z=32000"
Estrategia ,cf98e5325970bbaba609,card,Min(Sheet1.Instancia),"[{""Condition"": {""In"": {""Expressions"": [{""Column"": {""Expression"": {""SourceRef"": {""Source"": ""s""}}, ""Property"": ""Instancia""}}], ""Values"": [[{""Literal"": {""Value"": ""'Institucional'""}}]]}}}]","x=1014.8098032447358,y=508.99551259924056,z=33000"
Estrategia ,f04064e40374d419b1b0,card,Sum(Sheet1.Indique el número de personas participantes),"[{""Condition"": {""In"": {""Expressions"": [{""Column"": {""Expression"": {""SourceRef"": {""Source"": ""s""}}, ""Property"": ""Instancia""}}], ""Values"": [[{""Literal"": {""Value"": ""'Institucional'""}}]]}}}]","x=1146.830514325164,y=510.58612357611315,z=34000"
Comunidad,e384d32ec89371c1a098,card,Sum(Sheet1.Indique el número de personas participantes),"[{""Condition"": {""In"": {""Expressions"": [{""Column"": {""Expression"": {""SourceRef"": {""Source"": ""s""}}, ""Property"": ""Público objeto en comunidad""}}], ""Values"": [[{""Literal"": {""Value"": ""'Comités y Comisiones'""}}]]}}}]","x=0,y=85.61872909698997,z=0"
Comunidad,482e53e4d3e6d9a00fbb,textbox,,,"x=0,y=0,z=1000"
Comunidad,c10d95fab6ab2833c8c0,advancedSlicerVisual,Sheet1.Fecha en la que se realizó la actividad.Variación.Jerarquía de fechas.Mes,,"x=437.9888268156425,y=89.38547486033521,z=3000"
Comunidad,0462c1273e48e449ba81,image,,,"x=0,y=0,z=2000"
Comunidad,59b4545d6d954ceef425,actionButton,,,"x=1144.8,y=17.28,z=4000"
Comunidad,22db80380dac0826341b,textbox,,,"x=12.857142857142858,y=288.5714285714286,z=5000"
Comunidad,076983fbbb0ec4bb8834,card,Min(Base completa para PBI.Instancia),"[{""Condition"": {""In"": {""Expressions"": [{""Column"": {""Expression"": {""SourceRef"": {""Source"": ""b""}}, ""Property"": ""Instancia""}}], ""Values"": [[{""Literal"": {""Value"": ""'Educativo'""}}], [{""Literal"": {""Value"": ""'Primera Infancia'""}}]]}}}]","x=135.71428571428572,y=528.5714285714286,z=6000"
Comunidad,c7e8df1bb842bd609fd2,advancedSlicerVisual,Sheet1.Comuna - Corregimiento,,"x=0,y=165.42354159475317,z=7000"
Comunidad,76056cb73431304ef1d6,card,"Sum(Sheet1.Personas impactadas indirectamente (Instancia educación, Buen Comienzo-primera infancia y empresas))","[{""Condition"": {""In"": {""Expressions"": [{""Column"": {""Expression"": {""SourceRef"": {""Source"": ""s""}}, ""Property"": ""Público objeto en comunidad""}}], ""Values"": [[{""Literal"": {""Value"": ""'Comités y Comisiones'""}}]]}}}]","x=286.03351955307267,y=423.68715083798884,z=8000"
Comunidad,7287b4a0930a5b448f68,card,Min(Base completa para PBI.Personalizado.1),"[{""Condition"": {""Not"": {""Expression"": {""In"": {""Expressions"": [{""Column"": {""Expression"": {""SourceRef"": {""Source"": ""b""}}, ""Property"": ""Comité/Comisión CGRD Comunas""}}], ""Values"": [[{""Literal"": {""Value"": ""''""}}]]}}}}}]","x=284.2857142857143,y=528.5714285714286,z=9000"
Comunidad,7bb1ca0c9d833002e1af,card,Min(Base completa para PBI.Personalizado.1),"[{""Condition"": {""Not"": {""Expression"": {""In"": {""Expressions"": [{""Column"": {""Expression"": {""SourceRef"": {""Source"": ""b""}}, ""Property"": ""Comité/Comisión CGRD Comunas""}}], ""Values"": [[{""Literal"": {""Value"": ""''""}}]]}}}}}]","x=12.857142857142858,y=528.5714285714286,z=10000"
Comunidad,d0ee52f7e7846565e826,card,Min(Base completa para PBI.Personalizado.1),"[{""Condition"": {""Not"": {""Expression"": {""In"": {""Expressions"": [{""Column"": {""Expression"": {""SourceRef"": {""Source"": ""b""}}, ""Property"": ""Comité/Comisión CGRD Comunas""}}], ""Values"": [[{""Literal"": {""Value"": ""''""}}]]}}}}}]","x=135.71428571428572,y=632.8571428571429,z=11000"
Comunidad,323466e5e45b8a923dc8,card,Min(Base completa para PBI.Personalizado.1),"[{""Condition"": {""Not"": {""Expression"": {""In"": {""Expressions"": [{""Column"": {""Expression"": {""SourceRef"": {""Source"": ""b""}}, ""Property"": ""Comité/Comisión CGRD Comunas""}}], ""Values"": [[{""Literal"": {""Value"": ""''""}}]]}}}}}]","x=806.4,y=326.88,z=12000"
Comunidad,bb6da9aed3dba5d7adb3,card,Min(Base completa para PBI.Instancia),"[{""Condition"": {""In"": {""Expressions"": [{""Column"": {""Expression"": {""SourceRef"": {""Source"": ""b""}}, ""Property"": ""Instancia""}}], ""Values"": [[{""Literal"": {""Value"": ""'Educativo'""}}], [{""Literal"": {""Value"": ""'Primera Infancia'""}}]]}}}]","x=805.7142857142858,y=627.1428571428572,z=13000"
Comunidad,98bd9515d7fc7d0cd299,card,Sum(Sheet1.Indique el número de personas participantes),"[{""Condition"": {""In"": {""Expressions"": [{""Column"": {""Expression"": {""SourceRef"": {""Source"": ""s""}}, ""Property"": ""Público objeto en comunidad""}}], ""Values"": [[{""Literal"": {""Value"": ""'Comités y Comisiones'""}}]]}}}]","x=12.724887814981013,y=327.6658612357611,z=14000"
Comunidad,7a25da7429a11c5478af,card,Min(Sheet1.Público objeto en comunidad),"[{""Condition"": {""In"": {""Expressions"": [{""Column"": {""Expression"": {""SourceRef"": {""Source"": ""s""}}, ""Property"": ""Público objeto en comunidad""}}], ""Values"": [[{""Literal"": {""Value"": ""'Comités y Comisiones'""}}]]}}}]","x=12.857142857142858,y=425.7142857142857,z=15000"
Comunidad,6e14bd6bba40c2ddf950,card,Sum(Sheet1.Indique el número de personas participantes),"[{""Condition"": {""In"": {""Expressions"": [{""Column"": {""Expression"": {""SourceRef"": {""Source"": ""s""}}, ""Property"": ""Público objeto en comunidad""}}], ""Values"": [[{""Literal"": {""Value"": ""'Comités y Comisiones'""}}]]}}}]","x=135.56298773690077,y=423.81270903010034,z=16000"
Comunidad,35dc3006ea76bc8bd6c9,textbox,,,"x=12.857142857142858,y=504.28571428571433,z=17000"
Comunidad,db3d4b6c9a67ee3fd57b,card,Min(Base completa para PBI.Personalizado.1),"[{""Condition"": {""Not"": {""Expression"": {""In"": {""Expressions"": [{""Column"": {""Expression"": {""SourceRef"": {""Source"": ""b""}}, ""Property"": ""Comité/Comisión CGRD Comunas""}}], ""Values"": [[{""Literal"": {""Value"": ""''""}}]]}}}}}]","x=934.2857142857143,y=428.5714285714286,z=18000"
Comunidad,e01406ac3052179c2e4c,card,Min(Base completa para PBI.Personalizado.1),"[{""Condition"": {""Not"": {""Expression"": {""In"": {""Expressions"": [{""Column"": {""Expression"": {""SourceRef"": {""Source"": ""b""}}, ""Property"": ""Comité/Comisión CGRD Comunas""}}], ""Values"": [[{""Literal"": {""Value"": ""''""}}]]}}}}}]","x=1062.72,y=326.88,z=19000"
Comunidad,df696b495650baaabda2,card,Min(Base completa para PBI.Instancia),"[{""Condition"": {""In"": {""Expressions"": [{""Column"": {""Expression"": {""SourceRef"": {""Source"": ""b""}}, ""Property"": ""Instancia""}}], ""Values"": [[{""Literal"": {""Value"": ""'Educativo'""}}], [{""Literal"": {""Value"": ""'Primera Infancia'""}}]]}}}]","x=144.12486064659979,y=88.4726867335563,z=20000"
Comunidad,305403c841ebe14e2a45,card,CountNonNull(Base completa para PBI.Fecha en la que se realizó la actividad.Variación.Jerarquía de fechas.Año),"[{""Condition"": {""In"": {""Expressions"": [{""Column"": {""Expression"": {""SourceRef"": {""Source"": ""b""}}, ""Property"": ""Instancia""}}], ""Values"": [[{""Literal"": {""Value"": ""'Educativo'""}}], [{""Literal"": {""Value"": ""'Primera Infancia'""}}]]}}}]","x=298.5474860335196,y=89.38547486033521,z=21000"
Comunidad,406412315c1e5bc02786,card,Min(Base completa para PBI.Personalizado.1),"[{""Condition"": {""Not"": {""Expression"": {""In"": {""Expressions"": [{""Column"": {""Expression"": {""SourceRef"": {""Source"": ""b""}}, ""Property"": ""Comité/Comisión CGRD Comunas""}}], ""Values"": [[{""Literal"": {""Value"": ""''""}}]]}}}}}]","x=12.857142857142858,y=632.8571428571429,z=22000"
Comunidad,01d47071cd09335a624c,card,Sum(Sheet1.Indique el número de personas participantes),"[{""Condition"": {""In"": {""Expressions"": [{""Column"": {""Expression"": {""SourceRef"": {""Source"": ""s""}}, ""Property"": ""Público objeto en comunidad""}}], ""Values"": [[{""Literal"": {""Value"": ""'semillero'""}}], [{""Literal"": {""Value"": ""'Semillero de niños'""}}], [{""Literal"": {""Value"": ""'Semillero jovenes pp'""}}], [{""Literal"": {""Value"": ""'Semillero niños pesebre'""}}], [{""Literal"": {""Value"": ""'Semilleros infantil'""}}], [{""Literal"": {""Value"": ""'Semilleros niños GDR pesebre'""}}]]}}}]","x=411.08539505187554,y=327.1508379888269,z=27000"
Comunidad,7b5f5cccaad3342ad4d3,card,Min(Base completa para PBI.Personalizado.1),"[{""Condition"": {""Not"": {""Expression"": {""In"": {""Expressions"": [{""Column"": {""Expression"": {""SourceRef"": {""Source"": ""b""}}, ""Property"": ""Comité/Comisión CGRD Comunas""}}], ""Values"": [[{""Literal"": {""Value"": ""''""}}]]}}}}}]","x=411.4285714285715,y=528.5714285714284,z=25000"
Comunidad,eb6676db9eb57205fd6d,card,Min(Base completa para PBI.Instancia),"[{""Condition"": {""In"": {""Expressions"": [{""Column"": {""Expression"": {""SourceRef"": {""Source"": ""b""}}, ""Property"": ""Instancia""}}], ""Values"": [[{""Literal"": {""Value"": ""'Educativo'""}}], [{""Literal"": {""Value"": ""'Primera Infancia'""}}]]}}}]","x=534.2857142857143,y=528.5714285714284,z=23000"
Comunidad,6c26eec48bf3063c137b,card,Min(Base completa para PBI.Personalizado.1),"[{""Condition"": {""Not"": {""Expression"": {""In"": {""Expressions"": [{""Column"": {""Expression"": {""SourceRef"": {""Source"": ""b""}}, ""Property"": ""Comité/Comisión CGRD Comunas""}}], ""Values"": [[{""Literal"": {""Value"": ""''""}}]]}}}}}]","x=682.8571428571428,y=528.5714285714284,z=24000"
Comunidad,7e4bcc686fed37db0416,card,Min(Base completa para PBI.Personalizado.1),"[{""Condition"": {""Not"": {""Expression"": {""In"": {""Expressions"": [{""Column"": {""Expression"": {""SourceRef"": {""Source"": ""b""}}, ""Property"": ""Comité/Comisión CGRD Comunas""}}], ""Values"": [[{""Literal"": {""Value"": ""''""}}]]}}}}}]","x=411.4285714285715,y=627.142857142857,z=28000"
Comunidad,e12502eab9dc0f60b0ae,card,Min(Base completa para PBI.Personalizado.1),"[{""Condition"": {""Not"": {""Expression"": {""In"": {""Expressions"": [{""Column"": {""Expression"": {""SourceRef"": {""Source"": ""b""}}, ""Property"": ""Comité/Comisión CGRD Comunas""}}], ""Values"": [[{""Literal"": {""Value"": ""''""}}]]}}}}}]","x=534.2857142857143,y=627.142857142857,z=26000"
Comunidad,c40e2cd7ce8badc5838c,textbox,,,"x=411.42857142857144,y=504.28571428571433,z=29000"
Comunidad,bd7f9b447efe9d2501f4,card,Min(Base completa para PBI.Instancia),"[{""Condition"": {""In"": {""Expressions"": [{""Column"": {""Expression"": {""SourceRef"": {""Source"": ""b""}}, ""Property"": ""Instancia""}}], ""Values"": [[{""Literal"": {""Value"": ""'Comunitario'""}}]]}}}]","x=808.0303762512943,y=528.0828443217121,z=30000"
Comunidad,7c7b3cac3e60b1e5ead7,card,Min(Base completa para PBI.Personalizado.1),"[{""Condition"": {""Not"": {""Expression"": {""In"": {""Expressions"": [{""Column"": {""Expression"": {""SourceRef"": {""Source"": ""b""}}, ""Property"": ""Comité/Comisión CGRD Comunas""}}], ""Values"": [[{""Literal"": {""Value"": ""''""}}]]}}}}}]","x=1062.857142857143,y=430,z=31000"
Comunidad,6ef67ab51ca1d88b994f,card,Min(Base completa para PBI.Instancia),"[{""Condition"": {""In"": {""Expressions"": [{""Column"": {""Expression"": {""SourceRef"": {""Source"": ""b""}}, ""Property"": ""Instancia""}}], ""Values"": [[{""Literal"": {""Value"": ""'Comunitario'""}}]]}}}]","x=1062.5281325509147,y=528.0828443217121,z=32000"
Comunidad,3fee4dd1a10459c45e27,card,Min(Base completa para PBI.Instancia),"[{""Condition"": {""In"": {""Expressions"": [{""Column"": {""Expression"": {""SourceRef"": {""Source"": ""b""}}, ""Property"": ""Instancia""}}], ""Values"": [[{""Literal"": {""Value"": ""'Comunitario'""}}]]}}}]","x=933.6886434242319,y=528.0828443217121,z=33000"
Comunidad,49f4f6e014755c7030ad,card,Min(Base completa para PBI.Instancia),"[{""Condition"": {""In"": {""Expressions"": [{""Column"": {""Expression"": {""SourceRef"": {""Source"": ""b""}}, ""Property"": ""Instancia""}}], ""Values"": [[{""Literal"": {""Value"": ""'Comunitario'""}}]]}}}]","x=1175.4615119088712,y=528.0828443217121,z=34000"
Comunidad,061b250764d0d4bc0b3c,card,Min(Sheet1.Público objeto en comunidad),"[{""Condition"": {""In"": {""Expressions"": [{""Column"": {""Expression"": {""SourceRef"": {""Source"": ""s""}}, ""Property"": ""Público objeto en comunidad""}}], ""Values"": [[{""Literal"": {""Value"": ""'semillero'""}}], [{""Literal"": {""Value"": ""'Semillero de niños'""}}], [{""Literal"": {""Value"": ""'Semillero jovenes pp'""}}], [{""Literal"": {""Value"": ""'Semillero niños pesebre'""}}], [{""Literal"": {""Value"": ""'Semilleros infantil'""}}], [{""Literal"": {""Value"": ""'Semilleros niños GDR pesebre'""}}]]}}}]","x=410.75879200496814,y=423.94829450054056,z=35000"
Comunidad,6a22b9f8eedceee50fa7,card,Sum(Sheet1.Indique el número de personas participantes),"[{""Condition"": {""In"": {""Expressions"": [{""Column"": {""Expression"": {""SourceRef"": {""Source"": ""s""}}, ""Property"": ""Público objeto en comunidad""}}], ""Values"": [[{""Literal"": {""Value"": ""'semillero'""}}], [{""Literal"": {""Value"": ""'Semillero de niños'""}}], [{""Literal"": {""Value"": ""'Semillero jovenes pp'""}}], [{""Literal"": {""Value"": ""'Semillero niños pesebre'""}}], [{""Literal"": {""Value"": ""'Semilleros infantil'""}}], [{""Literal"": {""Value"": ""'Semilleros niños GDR pesebre'""}}]]}}}]","x=533.2327437495687,y=423.94829450054056,z=36000"
Comunidad,a2876f8a9985d8fccd22,card,"Sum(Sheet1.Personas impactadas indirectamente (Instancia educación, Buen Comienzo-primera infancia y empresas))","[{""Condition"": {""In"": {""Expressions"": [{""Column"": {""Expression"": {""SourceRef"": {""Source"": ""s""}}, ""Property"": ""Público objeto en comunidad""}}], ""Values"": [[{""Literal"": {""Value"": ""'semillero'""}}], [{""Literal"": {""Value"": ""'Semillero de niños'""}}], [{""Literal"": {""Value"": ""'Semillero jovenes pp'""}}], [{""Literal"": {""Value"": ""'Semillero niños pesebre'""}}], [{""Literal"": {""Value"": ""'Semilleros infantil'""}}], [{""Literal"": {""Value"": ""'Semilleros niños GDR pesebre'""}}]]}}}]","x=685.8541297697634,y=423.94829450054056,z=37000"
Comunidad,4c61612abf0f12a12000,card,Min(Sheet1.Instancia),"[{""Condition"": {""In"": {""Expressions"": [{""Column"": {""Expression"": {""SourceRef"": {""Source"": ""s""}}, ""Property"": ""Instancia""}}], ""Values"": [[{""Literal"": {""Value"": ""'Comunitario'""}}]]}}}] | [{""Condition"": {""In"": {""Expressions"": [{""Column"": {""Expression"": {""SourceRef"": {""Source"": ""s""}}, ""Property"": ""Público objeto en comunidad""}}], ""Values"": [[{""Literal"": {""Value"": ""'Comunidad en general - SATC'""}}], [{""Literal"": {""Value"": ""'Creación Nuevo SATC'""}}], [{""Literal"": {""Value"": ""'Creación nuevos SATC'""}}], [{""Literal"": {""Value"": ""'Identificación rutas de evacuación y puntos de encuentro SATC Chocó Chiquito'""}}], [{""Literal"": {""Value"": ""'Implementación SATC- Aguas Frías parte Alta'""}}], [{""Literal"": {""Value"": ""'Implementación SATc Los Guamos y Guacharacos'""}}], [{""Literal"": {""Value"": ""'Implementación SATC- Manzanares'""}}], [{""Literal"": {""Value"": ""'Nuevo SATC- EXPRES'""}}], [{""Literal"": {""Value"": ""'Nuevo SATC Los Guamos'""}}], [{""Literal"": {""Value"": ""'Nuevo SATC Mano de Dios'""}}], [{""Literal"": {""Value"": ""'Nuevo SATC Manzanares'""}}], [{""Literal"": {""Value"": ""'Nuevo SATc San Vicente'""}}], [{""Literal"": {""Value"": ""'Nuevos SATC'""}}], [{""Literal"": {""Value"": ""'Recorrido identificación puntos críticos SATC'""}}], [{""Literal"": {""Value"": ""'Recorrido Identificación Puntos SATC'""}}], [{""Literal"": {""Value"": ""'Recorrido puntos críticos SATC C4'""}}], [{""Literal"": {""Value"": ""'SATC Aguas Frías'""}}], [{""Literal"": {""Value"": ""'SATC Barrio Nuevo'""}}], [{""Literal"": {""Value"": ""'SATC Cantera Sur'""}}], [{""Literal"": {""Value"": ""'SATC Chocó Chiquito'""}}], [{""Literal"": {""Value"": ""'SATC El Guamo'""}}], [{""Literal"": {""Value"": ""'SATC La Base'""}}], [{""Literal"": {""Value"": ""'SATC La Base C1'""}}], [{""Literal"": {""Value"": ""'SATC La Unión C70'""}}], [{""Literal"": {""Value"": ""'SATC Sector Chicó Chiquito'""}}], [{""Literal"": {""Value"": ""'SATC sector chocó chiquito'""}}], [{""Literal"": {""Value"": ""'Socialización SATC Barrio Nuevo- Altavista'""}}], [{""Literal"": {""Value"": ""'Taller Cadena de llamada SATC Chocó Chiquito'""}}], [{""Literal"": {""Value"": ""'Socialización SAT'""}}]]}}}]","x=808.3280815143639,y=425.83250914276516,z=38000"
Educación,a860fdcbf10e67ac823d,card,Min(Base completa para PBI.Instancia),,"x=0,y=85.61872909698997,z=0"
Educación,fc2e558d67c6d3a00019,textbox,,,"x=0,y=0,z=1000"
Educación,a2e3d7e71f305a9442bf,advancedSlicerVisual,Sheet1.Fecha en la que se realizó la actividad.Variación.Jerarquía de fechas.Mes,,"x=440,y=90,z=3000"
Educación,4c93849d47098793c67b,image,,,"x=0,y=0,z=2000"
Educación,630f3476eec1b5d28f4f,actionButton,,,"x=1144.8,y=17.28,z=4000"
Educación,939acde9d9dac3033d9c,textbox,,,"x=15.714285714285715,y=288.5714285714286,z=5000"
Educación,a57bb7af0c51c9460ab2,card,Min(Base completa para PBI.Instancia),"[{""Condition"": {""In"": {""Expressions"": [{""Column"": {""Expression"": {""SourceRef"": {""Source"": ""b""}}, ""Property"": ""Instancia""}}], ""Values"": [[{""Literal"": {""Value"": ""'Educativo'""}}], [{""Literal"": {""Value"": ""'Primera Infancia'""}}]]}}}]","x=203.79888268156427,y=507.70949720670393,z=6000"
Educación,9422aae63d04c4d592be,advancedSlicerVisual,Sheet1.Comuna - Corregimiento,,"x=0,y=182.65328874024524,z=7000"
Educación,59c17a1f7bc3b0f8f196,card,Min(Base completa para PBI.Personalizado.1),"[{""Condition"": {""Not"": {""Expression"": {""In"": {""Expressions"": [{""Column"": {""Expression"": {""SourceRef"": {""Source"": ""b""}}, ""Property"": ""Comité/Comisión CGRD Comunas""}}], ""Values"": [[{""Literal"": {""Value"": ""''""}}]]}}}}}]","x=284.24581005586595,y=425.47486033519556,z=8000"
Educación,d42ca755de594f7826a1,card,Min(Base completa para PBI.Instancia),"[{""Condition"": {""In"": {""Expressions"": [{""Column"": {""Expression"": {""SourceRef"": {""Source"": ""b""}}, ""Property"": ""Instancia""}}], ""Values"": [[{""Literal"": {""Value"": ""'Comunitario'""}}]]}}}]","x=16.089385474860336,y=327.1508379888268,z=9000"
Educación,cb0a76c8bfdad2910ae7,card,Min(Base completa para PBI.Instancia),"[{""Condition"": {""In"": {""Expressions"": [{""Column"": {""Expression"": {""SourceRef"": {""Source"": ""b""}}, ""Property"": ""Instancia""}}], ""Values"": [[{""Literal"": {""Value"": ""'Comunitario'""}}]]}}}]","x=15.95601499949297,y=425.05576162967463,z=10000"
Educación,2c981695f9b098fed488,card,Min(Base completa para PBI.Personalizado.1),"[{""Condition"": {""Not"": {""Expression"": {""In"": {""Expressions"": [{""Column"": {""Expression"": {""SourceRef"": {""Source"": ""b""}}, ""Property"": ""Comité/Comisión CGRD Comunas""}}], ""Values"": [[{""Literal"": {""Value"": ""''""}}]]}}}}}]","x=135.8659217877095,y=423.68715083798884,z=11000"
Educación,bbc4da760de6c996c5b7,card,Min(Base completa para PBI.Instancia),"[{""Condition"": {""In"": {""Expressions"": [{""Column"": {""Expression"": {""SourceRef"": {""Source"": ""b""}}, ""Property"": ""Instancia""}}], ""Values"": [[{""Literal"": {""Value"": ""'Educativo'""}}], [{""Literal"": {""Value"": ""'Primera Infancia'""}}]]}}}]","x=288.24972129319957,y=89.89966555183946,z=13000"
Educación,c940a05e86f578ad7569,card,Min(Base completa para PBI.Instancia),"[{""Condition"": {""In"": {""Expressions"": [{""Column"": {""Expression"": {""SourceRef"": {""Source"": ""b""}}, ""Property"": ""Instancia""}}], ""Values"": [[{""Literal"": {""Value"": ""'Educativo'""}}], [{""Literal"": {""Value"": ""'Primera Infancia'""}}]]}}}]","x=144.12486064659979,y=88.4726867335563,z=12000"
Educación,b62865c3feb65bb76a55,card,Min(Base completa para PBI.Personalizado.1),"[{""Condition"": {""Not"": {""Expression"": {""In"": {""Expressions"": [{""Column"": {""Expression"": {""SourceRef"": {""Source"": ""b""}}, ""Property"": ""Comité/Comisión CGRD Comunas""}}], ""Values"": [[{""Literal"": {""Value"": ""''""}}]]}}}}}]","x=1153.44,y=326.88,z=14000"
Educación,c1eec1c122e18ad3e402,card,Min(Base completa para PBI.Instancia),"[{""Condition"": {""In"": {""Expressions"": [{""Column"": {""Expression"": {""SourceRef"": {""Source"": ""b""}}, ""Property"": ""Instancia""}}], ""Values"": [[{""Literal"": {""Value"": ""'Educativo'""}}], [{""Literal"": {""Value"": ""'Primera Infancia'""}}]]}}}]","x=16.089385474860336,y=507.70949720670393,z=15000"
Educación,1f11b577f154d297dc79,textbox,,,"x=1089,y=428,z=16000"
Educación,e37dfa82a062ccb9f993,card,Min(Base completa para PBI.Instancia),"[{""Condition"": {""In"": {""Expressions"": [{""Column"": {""Expression"": {""SourceRef"": {""Source"": ""b""}}, ""Property"": ""Instancia""}}], ""Values"": [[{""Literal"": {""Value"": ""'Comunitario'""}}]]}}}]","x=387.93296089385467,y=326.70391061452517,z=19000"
Educación,c3cb5da36364f42691a8,card,Min(Base completa para PBI.Instancia),"[{""Condition"": {""In"": {""Expressions"": [{""Column"": {""Expression"": {""SourceRef"": {""Source"": ""b""}}, ""Property"": ""Instancia""}}], ""Values"": [[{""Literal"": {""Value"": ""'Comunitario'""}}]]}}}]","x=387.0733334352471,y=423.8825772721326,z=20000"
Educación,9a68b3bacc8315a63e25,card,Min(Base completa para PBI.Personalizado.1),"[{""Condition"": {""Not"": {""Expression"": {""In"": {""Expressions"": [{""Column"": {""Expression"": {""SourceRef"": {""Source"": ""b""}}, ""Property"": ""Comité/Comisión CGRD Comunas""}}], ""Values"": [[{""Literal"": {""Value"": ""''""}}]]}}}}}]","x=506.6803061726552,y=422.6395246725583,z=21000"
Educación,9ce3f615e12f6efeda70,card,Min(Base completa para PBI.Personalizado.1),"[{""Condition"": {""Not"": {""Expression"": {""In"": {""Expressions"": [{""Column"": {""Expression"": {""SourceRef"": {""Source"": ""b""}}, ""Property"": ""Comité/Comisión CGRD Comunas""}}], ""Values"": [[{""Literal"": {""Value"": ""''""}}]]}}}}}]","x=652.2321456375382,y=424.06650349084146,z=18000"
Educación,ccd2a3f676c3a56dc8c0,card,Min(Base completa para PBI.Instancia),"[{""Condition"": {""In"": {""Expressions"": [{""Column"": {""Expression"": {""SourceRef"": {""Source"": ""b""}}, ""Property"": ""Instancia""}}], ""Values"": [[{""Literal"": {""Value"": ""'Educativo'""}}], [{""Literal"": {""Value"": ""'Primera Infancia'""}}]]}}}]","x=387.2067039106144,y=506.536312849162,z=22000"
Educación,2908e25ed88cee7a4b12,card,Min(Base completa para PBI.Instancia),"[{""Condition"": {""In"": {""Expressions"": [{""Column"": {""Expression"": {""SourceRef"": {""Source"": ""b""}}, ""Property"": ""Instancia""}}], ""Values"": [[{""Literal"": {""Value"": ""'Educativo'""}}], [{""Literal"": {""Value"": ""'Primera Infancia'""}}]]}}}]","x=574.9162011173188,y=506.536312849162,z=17000"
Educación,a5afbfc63bd1d17ca358,card,Min(Base completa para PBI.Instancia),"[{""Condition"": {""In"": {""Expressions"": [{""Column"": {""Expression"": {""SourceRef"": {""Source"": ""b""}}, ""Property"": ""Instancia""}}], ""Values"": [[{""Literal"": {""Value"": ""'Comunitario'""}}]]}}}]","x=768.7150837988827,y=325.36312849162016,z=25000"
Educación,3909a242bb5e760bbe6e,card,Min(Base completa para PBI.Instancia),"[{""Condition"": {""In"": {""Expressions"": [{""Column"": {""Expression"": {""SourceRef"": {""Source"": ""b""}}, ""Property"": ""Instancia""}}], ""Values"": [[{""Literal"": {""Value"": ""'Comunitario'""}}]]}}}]","x=770.5027932960894,y=425.47486033519556,z=26000"
Educación,2aa0cdc27a4a538a0032,card,Min(Base completa para PBI.Personalizado.1),"[{""Condition"": {""Not"": {""Expression"": {""In"": {""Expressions"": [{""Column"": {""Expression"": {""SourceRef"": {""Source"": ""b""}}, ""Property"": ""Comité/Comisión CGRD Comunas""}}], ""Values"": [[{""Literal"": {""Value"": ""''""}}]]}}}}}]","x=886.7039106145252,y=427.2625698324023,z=27000"
Educación,dd6386ea6d1071ba84e0,card,Min(Base completa para PBI.Personalizado.1),"[{""Condition"": {""Not"": {""Expression"": {""In"": {""Expressions"": [{""Column"": {""Expression"": {""SourceRef"": {""Source"": ""b""}}, ""Property"": ""Comité/Comisión CGRD Comunas""}}], ""Values"": [[{""Literal"": {""Value"": ""''""}}]]}}}}}]","x=1033.296089385475,y=425.47486033519556,z=24000"
Educación,9091c300d4baa8579a7d,card,Min(Base completa para PBI.Instancia),"[{""Condition"": {""In"": {""Expressions"": [{""Column"": {""Expression"": {""SourceRef"": {""Source"": ""b""}}, ""Property"": ""Instancia""}}], ""Values"": [[{""Literal"": {""Value"": ""'Educativo'""}}], [{""Literal"": {""Value"": ""'Primera Infancia'""}}]]}}}]","x=770.5027932960894,y=507.70949720670393,z=28000"
Educación,fb443c01bbc72527214d,card,Min(Base completa para PBI.Instancia),"[{""Condition"": {""In"": {""Expressions"": [{""Column"": {""Expression"": {""SourceRef"": {""Source"": ""b""}}, ""Property"": ""Instancia""}}], ""Values"": [[{""Literal"": {""Value"": ""'Educativo'""}}], [{""Literal"": {""Value"": ""'Primera Infancia'""}}]]}}}]","x=958.2122905027934,y=507.70949720670393,z=23000"
Educación,8c2e48fa77daff002247,card,Min(Base completa para PBI.Personalizado.1),"[{""Condition"": {""Not"": {""Expression"": {""In"": {""Expressions"": [{""Column"": {""Expression"": {""SourceRef"": {""Source"": ""b""}}, ""Property"": ""Comité/Comisión CGRD Comunas""}}], ""Values"": [[{""Literal"": {""Value"": ""''""}}]]}}}}}]","x=1153.44,y=423.36,z=29000"
Educación,d35ba20fbcb26a2c39ce,image,,,"x=11.52,y=571.6800000000001,z=30000"
Educación,8dca39c0d63941722a82,image,,,"x=387.36,y=571.6800000000001,z=31000"
Educación,9af084a191cff380c806,image,,,"x=770.4,y=571.6800000000001,z=32000"
Empresarial,8581d0e07e6070162b9f,card,Min(Base completa para PBI.Instancia),,"x=0,y=85.61872909698997,z=0"
Empresarial,9ea61f1eb7bcf25575df,textbox,,,"x=0,y=0,z=1000"
Empresarial,7e45c402d71d62d2fb7f,advancedSlicerVisual,Sheet1.Fecha en la que se realizó la actividad.Variación.Jerarquía de fechas.Mes,,"x=439.5094760312152,y=89.89966555183946,z=3000"
Empresarial,201c1258b2c4432b3170,image,,,"x=0,y=0,z=2000"
Empresarial,dde07dbc1d4deb7616e0,actionButton,,,"x=1144.8,y=17.28,z=4000"
Empresarial,8b1cd4734742f662e274,textbox,,,"x=12.842809364548495,y=288.24972129319957,z=5000"
Empresarial,229fe5e9a6e50543606a,card,Min(Base completa para PBI.Instancia),"[{""Condition"": {""In"": {""Expressions"": [{""Column"": {""Expression"": {""SourceRef"": {""Source"": ""b""}}, ""Property"": ""Instancia""}}], ""Values"": [[{""Literal"": {""Value"": ""'Educativo'""}}], [{""Literal"": {""Value"": ""'Primera Infancia'""}}]]}}}]","x=12.96,y=506.88,z=6000"
Empresarial,856dafb084bb16c492c4,advancedSlicerVisual,Sheet1.Comuna - Corregimiento,,"x=0,y=182.65328874024524,z=7000"
Empresarial,48f080dfeecccc31f3c5,card,Min(Base completa para PBI.Personalizado.1),"[{""Condition"": {""Not"": {""Expression"": {""In"": {""Expressions"": [{""Column"": {""Expression"": {""SourceRef"": {""Source"": ""b""}}, ""Property"": ""Comité/Comisión CGRD Comunas""}}], ""Values"": [[{""Literal"": {""Value"": ""''""}}]]}}}}}]","x=246.24,y=424.8,z=8000"
Empresarial,5e80a720e625ec1e8950,card,Min(Base completa para PBI.Personalizado.1),"[{""Condition"": {""Not"": {""Expression"": {""In"": {""Expressions"": [{""Column"": {""Expression"": {""SourceRef"": {""Source"": ""b""}}, ""Property"": ""Comité/Comisión CGRD Comunas""}}], ""Values"": [[{""Literal"": {""Value"": ""''""}}]]}}}}}]","x=201.6,y=506.88,z=9000"
Empresarial,f1039d986d209b4a029f,card,Min(Base completa para PBI.Instancia),"[{""Condition"": {""In"": {""Expressions"": [{""Column"": {""Expression"": {""SourceRef"": {""Source"": ""b""}}, ""Property"": ""Instancia""}}], ""Values"": [[{""Literal"": {""Value"": ""'Educativo'""}}], [{""Literal"": {""Value"": ""'Primera Infancia'""}}]]}}}]","x=358.56,y=326.88,z=10000"
Empresarial,01af93c5867605d05778,card,Min(Base completa para PBI.Personalizado.1),"[{""Condition"": {""Not"": {""Expression"": {""In"": {""Expressions"": [{""Column"": {""Expression"": {""SourceRef"": {""Source"": ""b""}}, ""Property"": ""Comité/Comisión CGRD Comunas""}}], ""Values"": [[{""Literal"": {""Value"": ""''""}}]]}}}}}]","x=721.44,y=326.88,z=11000"
Empresarial,d2aea56e76750d044788,card,Min(Base completa para PBI.Instancia),"[{""Condition"": {""In"": {""Expressions"": [{""Column"": {""Expression"": {""SourceRef"": {""Source"": ""b""}}, ""Property"": ""Instancia""}}], ""Values"": [[{""Literal"": {""Value"": ""'Comunitario'""}}]]}}}]","x=12.96,y=326.88,z=12000"
Empresarial,de908af9d282595e163c,card,Min(Base completa para PBI.Instancia),"[{""Condition"": {""In"": {""Expressions"": [{""Column"": {""Expression"": {""SourceRef"": {""Source"": ""b""}}, ""Property"": ""Instancia""}}], ""Values"": [[{""Literal"": {""Value"": ""'Comunitario'""}}]]}}}]","x=15.95601499949297,y=425.05576162967463,z=13000"
Empresarial,c39d093fabfe94cae6be,card,Min(Base completa para PBI.Personalizado.1),"[{""Condition"": {""Not"": {""Expression"": {""In"": {""Expressions"": [{""Column"": {""Expression"": {""SourceRef"": {""Source"": ""b""}}, ""Property"": ""Comité/Comisión CGRD Comunas""}}], ""Values"": [[{""Literal"": {""Value"": ""''""}}]]}}}}}]","x=135.36,y=423.36,z=14000"
Empresarial,3a7885267f463dbae614,card,Min(Base completa para PBI.Instancia),"[{""Condition"": {""In"": {""Expressions"": [{""Column"": {""Expression"": {""SourceRef"": {""Source"": ""b""}}, ""Property"": ""Instancia""}}], ""Values"": [[{""Literal"": {""Value"": ""'Comunitario'""}}]]}}}]","x=358.56,y=424.8,z=15000"
Empresarial,9f19e55bc3d8fd0e1bf9,card,Min(Base completa para PBI.Personalizado.1),"[{""Condition"": {""Not"": {""Expression"": {""In"": {""Expressions"": [{""Column"": {""Expression"": {""SourceRef"": {""Source"": ""b""}}, ""Property"": ""Comité/Comisión CGRD Comunas""}}], ""Values"": [[{""Literal"": {""Value"": ""''""}}]]}}}}}]","x=534.24,y=424.8,z=16000"
Empresarial,09c24437bbe9f61e8213,card,Min(Base completa para PBI.Instancia),"[{""Condition"": {""In"": {""Expressions"": [{""Column"": {""Expression"": {""SourceRef"": {""Source"": ""b""}}, ""Property"": ""Instancia""}}], ""Values"": [[{""Literal"": {""Value"": ""'Comunitario'""}}]]}}}]","x=722.1373835001725,y=424.69313082499133,z=17000"
Empresarial,600fbc0391a48dd90a74,card,Min(Base completa para PBI.Personalizado.1),"[{""Condition"": {""Not"": {""Expression"": {""In"": {""Expressions"": [{""Column"": {""Expression"": {""SourceRef"": {""Source"": ""b""}}, ""Property"": ""Comité/Comisión CGRD Comunas""}}], ""Values"": [[{""Literal"": {""Value"": ""''""}}]]}}}}}]","x=933.6886434242319,y=423.10251984811873,z=18000"
Empresarial,d33d7f4309d21b2127b4,card,Min(Base completa para PBI.Instancia),"[{""Condition"": {""In"": {""Expressions"": [{""Column"": {""Expression"": {""SourceRef"": {""Source"": ""b""}}, ""Property"": ""Instancia""}}], ""Values"": [[{""Literal"": {""Value"": ""'Educativo'""}}], [{""Literal"": {""Value"": ""'Primera Infancia'""}}]]}}}]","x=288.24972129319957,y=89.89966555183946,z=20000"
Empresarial,eaa4398fbb3548c51e6c,card,Min(Base completa para PBI.Instancia),"[{""Condition"": {""In"": {""Expressions"": [{""Column"": {""Expression"": {""SourceRef"": {""Source"": ""b""}}, ""Property"": ""Instancia""}}], ""Values"": [[{""Literal"": {""Value"": ""'Educativo'""}}], [{""Literal"": {""Value"": ""'Primera Infancia'""}}]]}}}]","x=144.12486064659979,y=88.4726867335563,z=19000"
Empresarial,d7c198ca808bebb3bd2c,card,Min(Base completa para PBI.Personalizado.1),"[{""Condition"": {""Not"": {""Expression"": {""In"": {""Expressions"": [{""Column"": {""Expression"": {""SourceRef"": {""Source"": ""b""}}, ""Property"": ""Comité/Comisión CGRD Comunas""}}], ""Values"": [[{""Literal"": {""Value"": ""''""}}]]}}}}}]","x=1154.88,y=326.88,z=21000"
Empresarial,9f02a55ddb44b7164a0a,card,Min(Base completa para PBI.Instancia),"[{""Condition"": {""In"": {""Expressions"": [{""Column"": {""Expression"": {""SourceRef"": {""Source"": ""b""}}, ""Property"": ""Instancia""}}], ""Values"": [[{""Literal"": {""Value"": ""'Comunitario'""}}]]}}}]","x=358.56,y=506.88,z=22000"
Empresarial,0386129d5665ed551ac1,card,Min(Base completa para PBI.Instancia),"[{""Condition"": {""In"": {""Expressions"": [{""Column"": {""Expression"": {""SourceRef"": {""Source"": ""b""}}, ""Property"": ""Instancia""}}], ""Values"": [[{""Literal"": {""Value"": ""'Comunitario'""}}]]}}}]","x=534.24,y=506.88,z=23000"
Empresarial,2606ee54a9d02732c331,card,Min(Base completa para PBI.Instancia),"[{""Condition"": {""In"": {""Expressions"": [{""Column"": {""Expression"": {""SourceRef"": {""Source"": ""b""}}, ""Property"": ""Instancia""}}], ""Values"": [[{""Literal"": {""Value"": ""'Comunitario'""}}]]}}}]","x=722.1373835001725,y=633.0631687953054,z=24000"
Empresarial,a99a79e77a381deef0aa,card,Min(Base completa para PBI.Instancia),"[{""Condition"": {""In"": {""Expressions"": [{""Column"": {""Expression"": {""SourceRef"": {""Source"": ""b""}}, ""Property"": ""Instancia""}}], ""Values"": [[{""Literal"": {""Value"": ""'Comunitario'""}}]]}}}]","x=721.44,y=504,z=25000"
Empresarial,baa39430e10280a4460e,card,Min(Base completa para PBI.Instancia),"[{""Condition"": {""In"": {""Expressions"": [{""Column"": {""Expression"": {""SourceRef"": {""Source"": ""b""}}, ""Property"": ""Instancia""}}], ""Values"": [[{""Literal"": {""Value"": ""'Comunitario'""}}]]}}}]","x=859.6800000000001,y=505.44,z=26000"
Empresarial,8a2d328b947995abd974,card,Min(Base completa para PBI.Instancia),"[{""Condition"": {""In"": {""Expressions"": [{""Column"": {""Expression"": {""SourceRef"": {""Source"": ""b""}}, ""Property"": ""Instancia""}}], ""Values"": [[{""Literal"": {""Value"": ""'Comunitario'""}}]]}}}]","x=996.48,y=504,z=27000"
Empresarial,fcae35e0d8a68a1c26ad,card,Min(Base completa para PBI.Personalizado.1),"[{""Condition"": {""Not"": {""Expression"": {""In"": {""Expressions"": [{""Column"": {""Expression"": {""SourceRef"": {""Source"": ""b""}}, ""Property"": ""Comité/Comisión CGRD Comunas""}}], ""Values"": [[{""Literal"": {""Value"": ""''""}}]]}}}}}]","x=1153.44,y=423.36,z=28000"
Institucional,7896c58d6f19b1b2c715,card,Min(Base completa para PBI.Instancia),,"x=0,y=85.61872909698997,z=0"
Institucional,cdf0458083a1fb88cb53,textbox,,,"x=0,y=0,z=1000"
Institucional,87140a0437ef93d34585,advancedSlicerVisual,Sheet1.Fecha en la que se realizó la actividad.Variación.Jerarquía de fechas.Mes,,"x=439.2,y=89.28,z=3000"
Institucional,4900055e8b362f600e73,image,,,"x=0,y=0,z=2000"
Institucional,fd2ae310ed17d616edab,actionButton,,,"x=1144.8,y=17.28,z=4000"
Institucional,d45f6a71809bc3cf88c1,textbox,,,"x=12.842809364548495,y=288.24972129319957,z=5000"
Institucional,58b281eec09f72e7f14a,advancedSlicerVisual,Sheet1.Comuna - Corregimiento,,"x=0,y=182.65328874024524,z=6000"
Institucional,d98e310361dcd5fbb0f9,card,Min(Base completa para PBI.Personalizado.1),"[{""Condition"": {""Not"": {""Expression"": {""In"": {""Expressions"": [{""Column"": {""Expression"": {""SourceRef"": {""Source"": ""b""}}, ""Property"": ""Comité/Comisión CGRD Comunas""}}], ""Values"": [[{""Literal"": {""Value"": ""''""}}]]}}}}}]","x=12.96,y=547.2,z=7000"
Institucional,60d6b4562bd9b1317e10,card,Min(Base completa para PBI.Instancia),"[{""Condition"": {""In"": {""Expressions"": [{""Column"": {""Expression"": {""SourceRef"": {""Source"": ""b""}}, ""Property"": ""Instancia""}}], ""Values"": [[{""Literal"": {""Value"": ""'Educativo'""}}], [{""Literal"": {""Value"": ""'Primera Infancia'""}}]]}}}]","x=415.25083612040135,y=326.77814938684503,z=8000"
Institucional,4c4c16b9467ccff14fe2,card,Min(Base completa para PBI.Instancia),"[{""Condition"": {""In"": {""Expressions"": [{""Column"": {""Expression"": {""SourceRef"": {""Source"": ""b""}}, ""Property"": ""Instancia""}}], ""Values"": [[{""Literal"": {""Value"": ""'Comunitario'""}}]]}}}]","x=12.724887814981013,y=326.0752502588885,z=9000"
Institucional,ee0ff8876a344c158adc,card,Min(Base completa para PBI.Instancia),"[{""Condition"": {""In"": {""Expressions"": [{""Column"": {""Expression"": {""SourceRef"": {""Source"": ""b""}}, ""Property"": ""Instancia""}}], ""Values"": [[{""Literal"": {""Value"": ""'Comunitario'""}}]]}}}]","x=15.906109768726267,y=424.69313082499133,z=10000"
Institucional,c467dbca139dafb4740b,card,Min(Base completa para PBI.Instancia),"[{""Condition"": {""In"": {""Expressions"": [{""Column"": {""Expression"": {""SourceRef"": {""Source"": ""b""}}, ""Property"": ""Instancia""}}], ""Values"": [[{""Literal"": {""Value"": ""'Comunitario'""}}]]}}}]","x=416.74007594062823,y=423.10251984811873,z=13000"
Institucional,5b272efd17196d05793a,card,Min(Base completa para PBI.Instancia),"[{""Condition"": {""In"": {""Expressions"": [{""Column"": {""Expression"": {""SourceRef"": {""Source"": ""b""}}, ""Property"": ""Instancia""}}], ""Values"": [[{""Literal"": {""Value"": ""'Educativo'""}}], [{""Literal"": {""Value"": ""'Primera Infancia'""}}]]}}}]","x=288.24972129319957,y=89.89966555183946,z=15000"
Institucional,29f79cefc1eec0763492,card,Min(Base completa para PBI.Instancia),"[{""Condition"": {""In"": {""Expressions"": [{""Column"": {""Expression"": {""SourceRef"": {""Source"": ""b""}}, ""Property"": ""Instancia""}}], ""Values"": [[{""Literal"": {""Value"": ""'Educativo'""}}], [{""Literal"": {""Value"": ""'Primera Infancia'""}}]]}}}]","x=144.12486064659979,y=88.4726867335563,z=14000"
Duplicado de Comunidad,1801bc9afdfdb9556f31,card,Sum(Sheet1.Indique el número de personas participantes),"[{""Condition"": {""In"": {""Expressions"": [{""Column"": {""Expression"": {""SourceRef"": {""Source"": ""s""}}, ""Property"": ""Público objeto en comunidad""}}], ""Values"": [[{""Literal"": {""Value"": ""'Comités y Comisiones'""}}]]}}}]","x=0,y=85.61872909698997,z=0"
Duplicado de Comunidad,cd4e10a48fcaf1b2d773,textbox,,,"x=0,y=0,z=1000"
Duplicado de Comunidad,1aa802a475dcbfec27ba,advancedSlicerVisual,Sheet1.Fecha en la que se realizó la actividad.Variación.Jerarquía de fechas.Mes,,"x=437.9888268156425,y=89.38547486033521,z=3000"
Duplicado de Comunidad,15a97f1804267acb33d6,image,,,"x=0,y=0,z=2000"
Duplicado de Comunidad,b224c4bb021dc323ce1c,actionButton,,,"x=1144.8,y=17.28,z=4000"
Duplicado de Comunidad,b70f969394071927eca6,textbox,,,"x=12.857142857142858,y=288.5714285714286,z=5000"
Duplicado de Comunidad,8bb3318f1fa40347d8cf,card,Min(Base completa para PBI.Instancia),"[{""Condition"": {""In"": {""Expressions"": [{""Column"": {""Expression"": {""SourceRef"": {""Source"": ""b""}}, ""Property"": ""Instancia""}}], ""Values"": [[{""Literal"": {""Value"": ""'Educativo'""}}], [{""Literal"": {""Value"": ""'Primera Infancia'""}}]]}}}]","x=135.71428571428572,y=528.5714285714286,z=6000"
Duplicado de Comunidad,10f5ac12785aa6595bff,advancedSlicerVisual,Sheet1.Comuna - Corregimiento,,"x=0,y=165.42354159475317,z=7000"
Duplicado de Comunidad,7976f9140ecd105276c7,card,"Sum(Sheet1.Personas impactadas indirectamente (Instancia educación, Buen Comienzo-primera infancia y empresas))","[{""Condition"": {""In"": {""Expressions"": [{""Column"": {""Expression"": {""SourceRef"": {""Source"": ""s""}}, ""Property"": ""Público objeto en comunidad""}}], ""Values"": [[{""Literal"": {""Value"": ""'Comités y Comisiones'""}}]]}}}]","x=286.03351955307267,y=423.68715083798884,z=8000"
Duplicado de Comunidad,e6add46a096a57d8f858,card,Min(Base completa para PBI.Personalizado.1),"[{""Condition"": {""Not"": {""Expression"": {""In"": {""Expressions"": [{""Column"": {""Expression"": {""SourceRef"": {""Source"": ""b""}}, ""Property"": ""Comité/Comisión CGRD Comunas""}}], ""Values"": [[{""Literal"": {""Value"": ""''""}}]]}}}}}]","x=284.2857142857143,y=528.5714285714286,z=9000"
Duplicado de Comunidad,1b6e239e0de04be19e66,card,Min(Base completa para PBI.Personalizado.1),"[{""Condition"": {""Not"": {""Expression"": {""In"": {""Expressions"": [{""Column"": {""Expression"": {""SourceRef"": {""Source"": ""b""}}, ""Property"": ""Comité/Comisión CGRD Comunas""}}], ""Values"": [[{""Literal"": {""Value"": ""''""}}]]}}}}}]","x=12.857142857142858,y=528.5714285714286,z=10000"
Duplicado de Comunidad,a039a03601e4334119e0,card,Min(Base completa para PBI.Personalizado.1),"[{""Condition"": {""Not"": {""Expression"": {""In"": {""Expressions"": [{""Column"": {""Expression"": {""SourceRef"": {""Source"": ""b""}}, ""Property"": ""Comité/Comisión CGRD Comunas""}}], ""Values"": [[{""Literal"": {""Value"": ""''""}}]]}}}}}]","x=135.71428571428572,y=632.8571428571429,z=11000"
Duplicado de Comunidad,3f99b9952054a6b254f6,card,Min(Base completa para PBI.Personalizado.1),"[{""Condition"": {""Not"": {""Expression"": {""In"": {""Expressions"": [{""Column"": {""Expression"": {""SourceRef"": {""Source"": ""b""}}, ""Property"": ""Comité/Comisión CGRD Comunas""}}], ""Values"": [[{""Literal"": {""Value"": ""''""}}]]}}}}}]","x=806.4,y=326.88,z=12000"
Duplicado de Comunidad,d6c052bd376ded7a329b,card,Min(Base completa para PBI.Instancia),"[{""Condition"": {""In"": {""Expressions"": [{""Column"": {""Expression"": {""SourceRef"": {""Source"": ""b""}}, ""Property"": ""Instancia""}}], ""Values"": [[{""Literal"": {""Value"": ""'Educativo'""}}], [{""Literal"": {""Value"": ""'Primera Infancia'""}}]]}}}]","x=805.7142857142858,y=627.1428571428572,z=13000"
Duplicado de Comunidad,31d851569013b37ffdf1,card,Sum(Sheet1.Indique el número de personas participantes),"[{""Condition"": {""In"": {""Expressions"": [{""Column"": {""Expression"": {""SourceRef"": {""Source"": ""s""}}, ""Property"": ""Público objeto en comunidad""}}], ""Values"": [[{""Literal"": {""Value"": ""'Comités y Comisiones'""}}]]}}}]","x=12.724887814981013,y=327.6658612357611,z=14000"
Duplicado de Comunidad,88d7a97876c0e32478ba,card,Min(Sheet1.Público objeto en comunidad),"[{""Condition"": {""In"": {""Expressions"": [{""Column"": {""Expression"": {""SourceRef"": {""Source"": ""s""}}, ""Property"": ""Público objeto en comunidad""}}], ""Values"": [[{""Literal"": {""Value"": ""'Comités y Comisiones'""}}]]}}}]","x=12.857142857142858,y=425.7142857142857,z=15000"
Duplicado de Comunidad,f3d4907121d55f3dd936,card,Sum(Sheet1.Indique el número de personas participantes),"[{""Condition"": {""In"": {""Expressions"": [{""Column"": {""Expression"": {""SourceRef"": {""Source"": ""s""}}, ""Property"": ""Público objeto en comunidad""}}], ""Values"": [[{""Literal"": {""Value"": ""'Comités y Comisiones'""}}]]}}}]","x=135.56298773690077,y=423.81270903010034,z=16000"
Duplicado de Comunidad,10007cce39c0e106c63f,textbox,,,"x=12.857142857142858,y=504.28571428571433,z=17000"
Duplicado de Comunidad,56073d3ca3c20dc85b3e,card,Min(Base completa para PBI.Instancia),"[{""Condition"": {""In"": {""Expressions"": [{""Column"": {""Expression"": {""SourceRef"": {""Source"": ""b""}}, ""Property"": ""Instancia""}}], ""Values"": [[{""Literal"": {""Value"": ""'Comunitario'""}}]]}}}]","x=807.1428571428572,y=430,z=18000"
Duplicado de Comunidad,3b098c07e98cffa22e89,card,Min(Base completa para PBI.Personalizado.1),"[{""Condition"": {""Not"": {""Expression"": {""In"": {""Expressions"": [{""Column"": {""Expression"": {""SourceRef"": {""Source"": ""b""}}, ""Property"": ""Comité/Comisión CGRD Comunas""}}], ""Values"": [[{""Literal"": {""Value"": ""''""}}]]}}}}}]","x=934.2857142857143,y=428.5714285714286,z=19000"
Duplicado de Comunidad,6f660c31a07e16c18b37,card,Min(Base completa para PBI.Personalizado.1),"[{""Condition"": {""Not"": {""Expression"": {""In"": {""Expressions"": [{""Column"": {""Expression"": {""SourceRef"": {""Source"": ""b""}}, ""Property"": ""Comité/Comisión CGRD Comunas""}}], ""Values"": [[{""Literal"": {""Value"": ""''""}}]]}}}}}]","x=1062.72,y=326.88,z=20000"
Duplicado de Comunidad,8d8224a6fe7e46b4b056,card,Min(Base completa para PBI.Instancia),"[{""Condition"": {""In"": {""Expressions"": [{""Column"": {""Expression"": {""SourceRef"": {""Source"": ""b""}}, ""Property"": ""Instancia""}}], ""Values"": [[{""Literal"": {""Value"": ""'Educativo'""}}], [{""Literal"": {""Value"": ""'Primera Infancia'""}}]]}}}]","x=144.12486064659979,y=88.4726867335563,z=21000"
Duplicado de Comunidad,b3fd1950130bba1ec8ae,card,CountNonNull(Base completa para PBI.Fecha en la que se realizó la actividad.Variación.Jerarquía de fechas.Año),"[{""Condition"": {""In"": {""Expressions"": [{""Column"": {""Expression"": {""SourceRef"": {""Source"": ""b""}}, ""Property"": ""Instancia""}}], ""Values"": [[{""Literal"": {""Value"": ""'Educativo'""}}], [{""Literal"": {""Value"": ""'Primera Infancia'""}}]]}}}]","x=298.5474860335196,y=89.38547486033521,z=22000"
Duplicado de Comunidad,c6e54e086672d6c67291,card,Min(Base completa para PBI.Personalizado.1),"[{""Condition"": {""Not"": {""Expression"": {""In"": {""Expressions"": [{""Column"": {""Expression"": {""SourceRef"": {""Source"": ""b""}}, ""Property"": ""Comité/Comisión CGRD Comunas""}}], ""Values"": [[{""Literal"": {""Value"": ""''""}}]]}}}}}]","x=12.857142857142858,y=632.8571428571429,z=23000"
Duplicado de Comunidad,4c537bff0e8c84ed7e1a,card,Sum(Sheet1.Indique el número de personas participantes),"[{""Condition"": {""In"": {""Expressions"": [{""Column"": {""Expression"": {""SourceRef"": {""Source"": ""s""}}, ""Property"": ""Público objeto en comunidad""}}], ""Values"": [[{""Literal"": {""Value"": ""'semillero'""}}], [{""Literal"": {""Value"": ""'Semillero de niños'""}}], [{""Literal"": {""Value"": ""'Semillero jovenes pp'""}}], [{""Literal"": {""Value"": ""'Semillero niños pesebre'""}}], [{""Literal"": {""Value"": ""'Semilleros infantil'""}}], [{""Literal"": {""Value"": ""'Semilleros niños GDR pesebre'""}}]]}}}]","x=411.08539505187554,y=327.1508379888269,z=29000"
Duplicado de Comunidad,bade68dd8172b12b2bf1,card,Min(Base completa para PBI.Instancia),"[{""Condition"": {""In"": {""Expressions"": [{""Column"": {""Expression"": {""SourceRef"": {""Source"": ""b""}}, ""Property"": ""Instancia""}}], ""Values"": [[{""Literal"": {""Value"": ""'Comunitario'""}}]]}}}]","x=411.4285714285715,y=425.7142857142858,z=30000"
Duplicado de Comunidad,f20617bcaa1c5f312438,card,Min(Base completa para PBI.Personalizado.1),"[{""Condition"": {""Not"": {""Expression"": {""In"": {""Expressions"": [{""Column"": {""Expression"": {""SourceRef"": {""Source"": ""b""}}, ""Property"": ""Comité/Comisión CGRD Comunas""}}], ""Values"": [[{""Literal"": {""Value"": ""''""}}]]}}}}}]","x=534.1344163083294,y=423.8127090301004,z=31000"
Duplicado de Comunidad,ca3f632ca0e27d863d1d,card,Min(Base completa para PBI.Personalizado.1),"[{""Condition"": {""Not"": {""Expression"": {""In"": {""Expressions"": [{""Column"": {""Expression"": {""SourceRef"": {""Source"": ""b""}}, ""Property"": ""Comité/Comisión CGRD Comunas""}}], ""Values"": [[{""Literal"": {""Value"": ""''""}}]]}}}}}]","x=684.6049481245012,y=423.6871508379889,z=25000"
Duplicado de Comunidad,6da29e6b0704443e7554,card,Min(Base completa para PBI.Personalizado.1),"[{""Condition"": {""Not"": {""Expression"": {""In"": {""Expressions"": [{""Column"": {""Expression"": {""SourceRef"": {""Source"": ""b""}}, ""Property"": ""Comité/Comisión CGRD Comunas""}}], ""Values"": [[{""Literal"": {""Value"": ""''""}}]]}}}}}]","x=411.4285714285715,y=528.5714285714284,z=27000"
Duplicado de Comunidad,6a2b62a572c8526c6ad2,card,Min(Base completa para PBI.Instancia),"[{""Condition"": {""In"": {""Expressions"": [{""Column"": {""Expression"": {""SourceRef"": {""Source"": ""b""}}, ""Property"": ""Instancia""}}], ""Values"": [[{""Literal"": {""Value"": ""'Educativo'""}}], [{""Literal"": {""Value"": ""'Primera Infancia'""}}]]}}}]","x=534.2857142857143,y=528.5714285714284,z=24000"
Duplicado de Comunidad,80d603e0fa3be29e91e9,card,Min(Base completa para PBI.Personalizado.1),"[{""Condition"": {""Not"": {""Expression"": {""In"": {""Expressions"": [{""Column"": {""Expression"": {""SourceRef"": {""Source"": ""b""}}, ""Property"": ""Comité/Comisión CGRD Comunas""}}], ""Values"": [[{""Literal"": {""Value"": ""''""}}]]}}}}}]","x=682.8571428571428,y=528.5714285714284,z=26000"
Duplicado de Comunidad,89fac87551ee01b9bcd1,card,Min(Base completa para PBI.Personalizado.1),"[{""Condition"": {""Not"": {""Expression"": {""In"": {""Expressions"": [{""Column"": {""Expression"": {""SourceRef"": {""Source"": ""b""}}, ""Property"": ""Comité/Comisión CGRD Comunas""}}], ""Values"": [[{""Literal"": {""Value"": ""''""}}]]}}}}}]","x=411.4285714285715,y=627.142857142857,z=32000"
Duplicado de Comunidad,863e55c4ec0dfc8a951c,card,Min(Base completa para PBI.Personalizado.1),"[{""Condition"": {""Not"": {""Expression"": {""In"": {""Expressions"": [{""Column"": {""Expression"": {""SourceRef"": {""Source"": ""b""}}, ""Property"": ""Comité/Comisión CGRD Comunas""}}], ""Values"": [[{""Literal"": {""Value"": ""''""}}]]}}}}}]","x=534.2857142857143,y=627.142857142857,z=28000"
Duplicado de Comunidad,b2a5eef0b0b70a074c9c,textbox,,,"x=411.42857142857144,y=504.28571428571433,z=33000"
Duplicado de Comunidad,4138d78371e95e87a7f0,card,Min(Base completa para PBI.Instancia),"[{""Condition"": {""In"": {""Expressions"": [{""Column"": {""Expression"": {""SourceRef"": {""Source"": ""b""}}, ""Property"": ""Instancia""}}], ""Values"": [[{""Literal"": {""Value"": ""'Comunitario'""}}]]}}}]","x=808.0303762512943,y=528.0828443217121,z=34000"
Duplicado de Comunidad,7daec10bb9301a54204e,card,Min(Base completa para PBI.Personalizado.1),"[{""Condition"": {""Not"": {""Expression"": {""In"": {""Expressions"": [{""Column"": {""Expression"": {""SourceRef"": {""Source"": ""b""}}, ""Property"": ""Comité/Comisión CGRD Comunas""}}], ""Values"": [[{""Literal"": {""Value"": ""''""}}]]}}}}}]","x=1062.857142857143,y=430,z=35000"
Duplicado de Comunidad,ac43de70b946f0a6b6c7,card,Min(Base completa para PBI.Instancia),"[{""Condition"": {""In"": {""Expressions"": [{""Column"": {""Expression"": {""SourceRef"": {""Source"": ""b""}}, ""Property"": ""Instancia""}}], ""Values"": [[{""Literal"": {""Value"": ""'Comunitario'""}}]]}}}]","x=1062.5281325509147,y=528.0828443217121,z=36000"
Duplicado de Comunidad,d7e702b24e151b6a0d49,card,Min(Base completa para PBI.Instancia),"[{""Condition"": {""In"": {""Expressions"": [{""Column"": {""Expression"": {""SourceRef"": {""Source"": ""b""}}, ""Property"": ""Instancia""}}], ""Values"": [[{""Literal"": {""Value"": ""'Comunitario'""}}]]}}}]","x=933.6886434242319,y=528.0828443217121,z=37000"
Duplicado de Comunidad,75aac5eaaba5759e54b1,card,Min(Base completa para PBI.Instancia),"[{""Condition"": {""In"": {""Expressions"": [{""Column"": {""Expression"": {""SourceRef"": {""Source"": ""b""}}, ""Property"": ""Instancia""}}], ""Values"": [[{""Literal"": {""Value"": ""'Comunitario'""}}]]}}}]","x=1175.4615119088712,y=528.0828443217121,z=38000"
Duplicado de Comunidad,873824b68e4887efda6d,slicer,Sheet1.Entidades asociadas,"[{""Condition"": {""In"": {""Expressions"": [{""Column"": {""Expression"": {""SourceRef"": {""Source"": ""s""}}, ""Property"": ""Público objeto en comunidad""}}], ""Values"": [[{""Literal"": {""Value"": ""'Comités y Comisiones'""}}]]}}}]","x=227.45736969278562,y=327.6658612357611,z=39000"
